00C080FBFC4C4D86	get-boolean	0000000141FFB9D0
00DA32FA0240DF12	get-object-locator	0000000140D45510
012132A4D9588BAE	get-closest-enabled-interactable	0000000140ACAFA0
01B0043CB1358D18	spawn-entity	0000000140D60230
021D6E4114B8AC1C	rogue-player-in-encounter?	000000014104FC30
05479E17C7F7B531	swim-get-breath-meter	0000000140CAE290
05FD2DE49E350DE3	is-player-abby?	0000000140C93BC0
06380E30C75FF448	menu2-hide-page-stack	0000000141B3C4B0
069A5A8D6845FF51	string-to-symbol	0000000140D631C0
06B4181850739E2D	player-anim-speed-mult	0000000140C8B900
06C0F94EEA641C43	gui2-spawn-widget	0000000142F92C10
08953907B53F670B	go	0000000141FFCB20
08FA0D845B484FF0	darray-clear	0000000141BCBF20
09EC394C29B84975	get-sound-cover-factor	000000014046B300
0D6A666AB808D82A	gui2-seek-widget-property	0000000142F918C8
0E14117F8392978A	t2r-meta-trial-updates-init	0000000141039280
0E14A4E5E9391515	task-subnode-active?	0000000140D64CE0
0F67A6A8FFAFA51F	use-clicky-mnk-controls?	0000000142B13B60
0FA21391E0E4E478	player-disable-melee	0000000140C990E0
102F0BC9E519B69B	get-face-idle-emotion-from-task	000000014062B2A0
11059729A0AA6DFF	sync-vox-igc-meta-data	000000014042A7B0
11164676AB16ECF2	player-listen-mode-active?	0000000140CA1AB0
11DC9B6B53D43654	sync-phys-fx-dc	0000000141C90970
123B57C00EF4B676	entity-exists?	0000000140D3EE20
1281100CB3DA9C8D	player-is-prone?	0000000140CA1680
12E82FF3B96A0FAF	set-character-wet-mask-value	0000000140D58DC0
1352EF2B4731BAB8	rogue-get-player-character	000000014104FB90
13E1549802AF851A	ddict-set	0000000141BD7620
13F0579D72EBB5A8	player-disable-systemic-sweat	0000000140C99620
14E67EEC2719DEF3	net-auto-launch-mp?	00000001409B1280
15A0ACAD3C40E25A	valid-lookup-symbol?	0000000140D67270
15D6FAD54B24EF5C	get-joypad-stick-intensity	0000000140D44170
165DBE6F9B85C904	player-is-pickup-scripted-move?	0000000140CA1620
16D9697B1141BF52	player-is-crouched?	0000000140CA13B0
1A88217F07DC9BE7	gui2-stop-widget-animation	0000000142C76130
1B83D15FBC9D3A45	disable-pause-menu/f	0000000140D3D630
1C0EBA7EC703B05B	set-weapon-cross-cursor-visible	0000000142CD99F0
1CCE4F99B325EC32	set-stat-bit	0000000141C5B430
1D00A18F0FF3AB83	guitar-freeplay-is-active?	00000001403C7500
1D745900198CEF16	get-player-slotted-longgun	0000000140C92060
1EA9636203001D96	get-render-setting-value-int32	0000000140D47D30
1F19F7B374450CDE	get-partial-move-input-mode	00000001404136F0
219F0916852EEF6C	log-event	0000000141A4AF50
2279BA2DD77C3459	activity-launching?	0000000140406F60
2354D4A705277F70	gui2-set-widget-color	0000000141E8E070
235E73E5F8832176	is-listen-mode-player-enabled?	0000000140417D30
23EBB81E8BCB84FA	player-is-aiming?	0000000140CA12E0
240008C0D6FF74D9	get-player-desired-or-current-weapon-id	0000000140C91910
24540BD79C981511	get-best-nearby-interactable	0000000140ACAF60
25FBB3071B01296B	ddict-key-count	0000000141BD70B0
262F8B30A1632715	debug-draw-controller?	000000014040C840
2667CEE4C0C4B37A	spawn-entity-at	0000000140D604F0
2678E5923A939ADE	get-spawner-position	0000000140D49750
2696BC24BE5E2C38	set-float	0000000141FFD3D0
26B8B92EC5B49A39	player-has-weapon?	0000000140C9FDA0
273BB8DB063175B8	get-joypad-command-trigger	0000000140D4CD20
2746C4A15780521B	joypad-command-has-remapped-inputs?	0000000140D4CC00
28B74DE942FD95A7	menu2-get-focused-component	0000000141B3C1F0
2959941AD4CBB57D	gui2-set-progress-bar-percent	0000000141E8DC20
2A8000B264480909	set-quat	0000000141FFD6E0
2B3380ECD9BC37A4	camera-enable-animated	0000000140D360E0
2C49345ACEEDD3F4	is-mnk-primary-input-device?	0000000140D4BD50
2D23CABE6A0BF33F	minmax	000000014187CEF0
2DD3DDD6A1220B07	is-upgrade-unlocked-any-weapon-from-checkpoint-HACK?	0000000141008AF0
2E1754E916BAC4F7	darray-append	0000000141BCBC70
2F16E45810BE2F01	get-current-craftable-item-for-weapon	0000000142B51078
2F82623ED7481B3D	begin-foreach	0000000141FFB310
30EB906C658A4DC5	event-arg-symbol	00000001416511D0
30F8383417E6445B	get-state-time	0000000141FFC4B0
3274875A7E39BE01	game-has-main-story-been-completed-any-difficulty?	0000000140410080
3275EE09EE309F73	set-weapon-cross-slot-accessed-via-slot-shortcut	0000000142CD99F0
332313EC0E2CB328	new-boxed-value	0000000140D52500
33B9CE97D85F0F3C	get-self-name	0000000140D48970
33EDF48CC38CEF5D	get-object-id	0000000140D45340
33F2C8C9418EED62	holding-throwable?	0000000140E67D70
340865743BD6124F	item-is-ammo?	0000000142B52E38
350B1BAB3890EF9A	game-task-graph-login	0000000140D40720
371DB91CAB758372	debug-only-get-dev-menu-int	00000001414E5FF0
37434922F74EF9F8	override-interact-def	0000000141BB6500
37B1139C687F2546	darray-count	0000000141BCC680
381E35AD0689E81D	keyboard-button-pressed?	0000000140D4EDF0
3836898473966291	is-player-upgrade-unlocked-from-checkpoint-HACK?	0000000141008A00
38F060D4DE7DE4BD	apply-material-story-from-list	0000000140407880
390929967C71F678	execute-script	0000000140D3F340
39CF456CDF1E70A3	ddict-clear	0000000141BD6200
3A671BFA428AA672	fact-remove	000000014210AF50
3A7A2BC025FFE03A	update-task-menu	0000000141C49AB0
3B273F66CD0DE4A6	menu2-get-top-page-in-stack	0000000141B3C3A0
3B41498B8542EE37	custom-run--get-blacklisted-factions	000000014104E400
3C3038DFB0E94A7A	fact-bool	0000000142109B90
3D1686E42EE91A7E	gui2-set-widget-state	0000000142F919D8
3DE57506D19EAB57	dist-sq-between-points	0000000140D3DC10
3DE884B518E47633	player-get-weapon-current-ammo-name	0000000142B51078
3E12A38A3401CCF4	task-played-from-dev-menu?	0000000140D65260
3EB909F2C8953FF8	spawn-script	0000000141FFE0E0
403834076BD14930	task-find	0000000140D64380
4222113187F50CA2	sync-audio-foliage-meta-data	0000000141EEE790
42244B76CD33CCA4	set-high-contrast-mode-type	0000000140D5A0A0
4277EB0D5F4C59F2	send-event	00000001416528F0
431979643939DBAE	get-delta-time	0000000140D42790
437B4E89B54246C4	use-accessibility-chords?	0000000142B13B60
45C23C5C0D35BAED	gui2-set-widget-motion-mode	0000000142C68D08
46BF999BA39F0926	player-flashlight-on?	0000000140AAD660
4812D82EDB532859	darray-is-valid?	0000000141BCD040
48D6C1859A4EBA13	gui2-set-widget-alpha	0000000141E8DE60
4916DF2F27B8E90D	player-get-last-action-time	0000000140C9ED60
496501CE1A4DABA6	start-for-streaming-anim	000000014187FF80
49913277499EBE5B	weapon-cross-in-code?	0000000142B13B60
4A7BB8856AFFE82E	sync-audio-dsp-meta-data	0000000141EEE710
4B27EBFF0EF4DA1C	get-difficulty-setting-player	00000001404118B0
4C5B3160F5EAA6F9	rogue-set-prng-category-seed	000000014104DD10
4C972A8F9FA12F03	player-inventory-is-item-full?	0000000142B52E38
4CD524F86C8BC9A7	custom-run--is-hub-workbench-enabled?	000000014104E920
4EEA3BA1382794DC	menu2-get-main-menu-return-state	0000000140FDE5C0
5005C55019AFAF43	get-difficulty	00000001404116A0
50BF04589B2EBBD7	menu2-component-focused?	0000000141B3C150
5114454BCCD0009F	get-spawners-by-criteria	0000000140D49950
519F5818C2A6054E	set-black-fade	0000000140D58440
51B0D1C2B0461AA6	set-bound-frame	0000000141FFD150
52B36C88049B5F32	disable-interactable-system	0000000140ACAEE0
541E00A27A5B02C4	joypad-command-active-and-enabled?	0000000140D4C610
5445173390656D6D	dc:format	0000000140D402F0
54A92041C3205B90	character-is-swimming?	00000001421088A0
55D5678E8987109B	camera-enable-no-focus	0000000140D36710
55F5711F88AC9AC3	hfx-group-set-suppressed	0000000142112930
573E5609158C8746	tag-int32	0000000141FFEEE0
57698870F512E425	get-art-group	0000000140D41E30
5794B15FA8CD9723	sync-vox-meta-data	000000014042A7D0
57BA5C4072FAF61A	pc-build?	000000014041D4A0
57DECDC5C8FE7419	handle-material-designer-menu	0000000140415830
57EE1B92FFEF3C3D	is-level-fully-spawned?	0000000140D4B9B0
58F09EA1179DE7E7	is-joypad-primary-input-device?	0000000140D4B910
5A3B8973FC0F715B	sync-audio-audio-meta-data	0000000141EEE6D0
5BFCF83DFE7C14CB	hud2-get-weapon-cross-path	0000000142C760D0
5C1975E4B0D07275	get-player-all-weapons	0000000140BC5420
5C57863B074C88FD	recipe-id-to-item-id	0000000142B51078
5DE9FBEB8D7A01A2	get-player-weapon-have-silencer?	0000000142B52E38
5E1C95DDAAB9B715	symbol-concat-int32	0000000140D63050
5E81A4F62C27EAA0	wait	0000000141FFFBA0
5E8B07D7FD90CB77	player-can-access-weapon-cross?	0000000140C96F90
5F3135406B3ECE7E	get-adaptive-triggers-mode	0000000140410260
6057AC01564CB080	set-timer-paused	0000000141FFD9B0
60E80FC914DC95CE	menu2-pop-page	0000000141B3C890
61C0A10A8CD6A551	rogue-get-next-random-number-for-category	000000014104D9D0
62D3C67F5F170670	joypad-disable-commands	0000000140D4CEC0
63334930A88F1008	rogue-set-all-score-data	0000000141050020
63891D3B25B27A94	task-get-current-subnode-id	0000000140D64670
639812A734E7668E	play-music-stinger	0000000141EED0B0
64A7F77A25FB18C6	gui2-go-widget-state-immediate	0000000142F919D8
65DFE978F32DF15C	set-single-shader-instance-param-for-mesh	0000000140D5E1C0
66637535EBBC34DF	task-want-load-levels-fully-spawned?	0000000140D653A0
66A73BEB4FE49B73	get-regions-by-criteria	0000000140D477C0
6734A85073506822	menu2-page-stack-enable-sounds	0000000141B3C7A0
676414A9CC5DFC0D	random-integer	0000000140D54990
68D1914BBD654FE3	get-player-weapon-gameplay-def	0000000140C925A0
6A3037DF5BAC6510	custom-run--gambits-enabled?	000000014104DEB0
6AC37DD8360913B3	joypad-command-enabled?	0000000140D4C950
6B752FA61F5E3E74	holding-no-weapon?	0000000140E67B00
6E9CB3BBE83E104F	is-speaking?	000000014031CA80
6EA932F74D4E2D09	broadcast-event	0000000141650830
6F09CAD9790A3296	get-tutorial-message-mode	0000000140414B40
6F4C88BAE24CE9E2	menu-update-media-share-data	000000014106BC00
6FAAFB399F34C3D5	task-get-current	0000000140D64530
6FD3A4F4DB32B08C	is-combat-vibration?	0000000140417670
70C75B005A822253	game-has-most-recent-story-been-completed-any-difficulty?	00000001404100F0
72FEBD32E008225D	wait-frames	00000001420003E0
73642E29CF1410A3	sync-vehicle-settings	0000000141093CF0
742676E03ABD1A17	get-current-time	0000000141FFBCE0
74B77AAFCF177CC3	elapsed-time	0000000140D3E090
7635A4C1BBFD5DD7	get-object-skeleton	0000000140D46740
76F0D803F68BBF02	sync-ragdoll-settings	0000000141E101B0
785C8AEB79E14CDF	player-inv-selection-get-sub-slot-items-filtered-count	0000000142C69140
788EDE02698EC30E	get-animation-phase	000000014187BD70
789743F4E97B326C	player-is-door-scripted-move?	0000000142B13B60
78B478FB08FEE60D	get-icon-mode-input-device	0000000140D42E00
7927007107BE679D	is-high-contrast-mode-toggled-on?	0000000140417BC0
79744AF88E92B5EB	darray-contains?	0000000141BCC2D0
7B720C615662AF72	set-pc-hud-toggle	0000000140426950
7BD17F0FDF5B12A8	player-disable-jump	0000000140C98CC0
7BDC7740B2C7C543	darray-remove	0000000141BCD110
7C1A96DCDE4261DD	menu2-always-show-splash?	0000000140FDE310
7D8C15B0E602F4E8	rogue-get-overall-mode	000000014104FB80
7FF7CBD6A7B07F2F	player-swimming?	0000000140CA8850
809ABA6984A1DB1D	animate_	0000000141879350
80A3F6B430FC8D1B	get-lock-on-mode	0000000140412370
80AE11C99C6AEEA2	set-mixer-override	0000000141EEE2B0
81BBB5AF94FC4A5A	hash-lookup	0000000140D4AEB0
81E2373B8E20275C	stop-movie	0000000141B95B70
82A20BC5C003CB25	menu2-get-stack-joypad-index	0000000141B3C2C0
82EA9015ABA0D179	rogue-get-run-template	000000014104FBE0
82ED7EE07BF99C70	set-joypad-light-bar	0000000140D5AA70
830E0695B7F284F1	player-in-state?	0000000140CA0B60
836F218B69018D93	player-get-last-selected-ranged-weapon-or-consumable-id	0000000142C760D0
846E26AC65F9CFC3	spawner-exists?	0000000140D61720
847EEE90BE4419AD	get-locator-rotation	0000000140D44D90
84E88287EFEE0E37	spawn-entity-at-with-look	0000000140D605E0
84E8B47DB0C92683	is-no-return-hud-countdown-enabled?	0000000140417F00
84EF0C4106B48B32	player-in-meatshield?	0000000142B13B60
84FAF7CFCB215734	task-is-os-notice-screen-skip-flag-enabled?	0000000140D64850
86AE7031F5EFC4BE	ddict-contains-key?	0000000141BD6600
86BA5CBF8F1C1347	sync-audio-reflectivity-meta-data	0000000141EEE810
871EC52CC86B7427	alloc-bound-frame	0000000140D51240
881D371AAFECB163	player-knows-recipe?	0000000142B52E38
88547F48DA223122	get-int32	0000000141FFC0B0
88D58C2553BCAFFD	alloc-point	0000000140D51C30
8915180DCA0153C8	event-arg-count	0000000141650AB0
8A56327CFCBDB43A	set-symbol	0000000141FFD890
8ABD6C3AEE8784AC	menu2-player-menu-active?	0000000142B13B60
8ACC5AAE69BFCC57	is-rogue-mode?	000000014104F7B0
8AF751A35E17FDAB	get-prop-id	00000001421092E0
8B2918FAE8F54949	tag-specified?	0000000141FFF190
8BAA86ECA5C5AC1D	menu2-may-skip-splash?	0000000140FDE740
8DB50112F2FD2373	fact-exists?	000000014210A0E0
8DD7A4B7C6EFDC88	joypad-disable-all-commands-except	0000000140D4CDD0
8DDDD549ADFE0E03	player-is-sprinting?	0000000140CA1810
8E30FBF0EF834F65	menu2-is-page-on-stack?	0000000141B3C5A0
8EA887FF76BB647D	get-object-anim-state	000000014187C870
8F5A5216A45D18DA	camera-fade-out	0000000140D36900
8FD5B8234FA14843	get-no-return-enemy-markers-mode	00000001404127E0
90163137A965BBE1	is-navigation-assistance-accessibility?	0000000140417E60
90397083FB6AE8C5	player-get-skin-id	000000014041EAE0
917303216620ACB6	is-final-build?	0000000140D4B800
91C62727C6CC16FD	player-inv-selection-get-sub-slot-items-filtered	0000000142C68710
9261E1B2DD523647	rogue-get-is-resumed-run	000000014104FB40
92EAC23BF855FCDB	sync-destruction-dc	0000000141E7DF70
9359EB5424947533	get-player-carry-object-id	0000000140C917B0
947F6FEA0409070C	set-visible	0000000140D5E910
9481E6778A8D0E9A	#%alloc-array	00000001414B62D0
94F8EF61E9D92684	get-float	0000000141FFBF90
95B933275C982502	lookup-symbol	0000000140D50EB0
96445C26BA843C78	notify-input-method-change	0000000142C76130
96AB6E2738AB2A94	lookup-weapon-art-def	000000014041AC00
97D5340AB850EBA0	sync-audio-environment-meta-data	0000000141EEE750
97E531CA50184704	player-disable-listen-crouch	0000000140C8E670
98C24CF2C2716C78	hud2-are-threat-indicators-enabled?	0000000140F77FA0
98EDF704EF3AD127	player-is-arrow-stuck?	000000014041F4F0
99354A7AA4E5CCC6	menu2-set-component-disabled	0000000141B3D1C0
99E45AD267D9CC19	menu2-push-page	0000000141B3CEA0
9AF2D29C831A42BE	interactable-is-excluded-from-pickup-scan?	000000014087D3C0
9AF8AD22E1FADD2E	movie-get-current-frame	0000000141B95390
9B30AD418CE72168	player-weapon-upgrade-get-active-bundles	0000000142B51078
9B6DEF3F53A0D3DE	rogue-player-in-hub?	000000014104FC60
9BCE743E683021B2	get-self-id	0000000140D48920
9D35F2AB9123E2A2	tag-boolean	0000000141FFEB70
9E57F86ABA6E28C9	is-ledge-guard-accessibility?	0000000140417D20
9E915FBF225A0D0F	fact-set/f	000000014210B580
A05C93C02B926E23	get-end-game-has-occurred-since-boot	0000000140411CB0
A0A7919BA3C820C2	object-spawned?	0000000140D52960
A0F3F63DA97AB787	is-combat-audio-cues?	0000000140417640
A43B4BC284B58694	rogue-get-player-character-look	000000014104FBA0
A4DCA76CD2DC6AD6	dc-assert-enabled?	0000000140D35070
A53241B1C04AFCAD	gui2-get-parent-widget	0000000142B51078
A55612165B1CAEBC	set-point	0000000141FFD660
A5883416F60D95E2	sync-audio-futz-meta-data	0000000141EEE7D0
A58D2002EB46860B	player-is-injured-overlay?	0000000140CA2710
A66F075C5E15C15A	vendor-any-affordable?	00000001410511A0
A6D055BDF572EE8F	lambda-eval	0000000140D4F430
A7CB5720D5009D31	gui2-assign-to-category	0000000141E894D0
A8E08D89E4068CCF	ddict-find-key	0000000141BD6B70
AAC6B4629F7F98F8	menu2-set-focus-to-component	0000000141B3D410
AB366331EC8AB8FE	symbol-concat-string	0000000140D63100
AB49FFC552D6AE61	set-vector	0000000141FFDDE0
ABF37F814E230D99	lookup-inv-item-def	000000014041AA70
ACDF9E15E3CC7E30	rogue-get-run-structure	000000014104FBD0
AD3960FEE28B6F8E	set-object-locator	0000000140D5B8C0
AE4C9D81A81EFB7C	set-mesh-visible	0000000140D5B3C0
AF1345B05E9AFA1C	custom-run--has-blacklisted-factions?	000000014104E820
AFFCA5BE59C7BDC5	calc-cover-idle-speed	0000000140C8C600
B015FB6E90119406	transform-vector-local-to-world	0000000140D65ED0
B0B99A35864E7A9C	set-svar-value	0000000141C5B800
B138739A1AF3A044	attach	00000001404079D0
B144A57CFDBD80D9	end-foreach	0000000141FFB430
B1FF63519CBA0472	do-melee-log	0000000140E66550
B20B50B813F30257	event-arg-bound-frame	00000001416509B0
B238A1D05AB0376B	is-weapon-cross-slot-prompts-enabled?	0000000140419350
B3172E825CC2DCB6	notify-splash-screen-done	0000000140FDEDB0
B32898321E89FF92	player-inventory-get-max-capacity	0000000142C68B48
B354B29B08BEC16A	end-script	0000000141FFB470
B4592CFE41EDF611	player-is-aiming-throwable?	0000000140CA1320
B55CA68CC38E541A	get-black-fade	0000000140D42080
B5DD3145215E4690	player-can-toggle-ammo?	0000000142B52E38
B638A39254A2F155	refresh-want-loads	0000000140D54BB0
B795FFF79552A30F	mark-tutorial-unlocked-by-cipher-id	0000000140FDE260
B7FD0995DC30EE10	joypad-command-active?	0000000140D4C710
B81E5247AAF0C52C	get-player-health	0000000140C91B40
B8B7F31298010EEC	get-player-weapon-id	0000000140C925F0
B98DB67BEFA8E57E	get-gas-mask	0000000141CE4C00
B9D30B60D7953216	set-weapon-cross-accessed-via-quick-swap	0000000142CD99F0
BA7C825AFBDA03E1	should-show-rogue-spoiler?	0000000141050790
BB69BE50268AC173	override-fov	0000000140D52D70
BC40316523516B2C	get-locator-distance	0000000140D44A80
BC5492ECF99E0396	get-object-render-target-state	0000000140413010
BC572E292890D5AE	custom-run--is-vendor-enabled?	000000014104E950
BD099A3E4F396A7C	character-in-finisher?	0000000140E6B780
BEC445B7F349BBF3	event-arg-int32	0000000141650D20
BED4675A46453385	wait-boolean	0000000141FFFD60
BFC8FC912ECBB8B0	stat-value?	0000000141C5B850
C0E600BA7A4B2513	menu2-show-page-stack	0000000141B3D8A0
C103789864B7D6D6	ddict-get	0000000141BD6C70
C18A75DE63A619FE	ddict-is-valid?	0000000141BD6E60
C1B8662EC71A9AED	set-adaptive-trigger-off	0000000141B76F40
C1BA0215FD262D0D	vector-magnitude	0000000140D67C90
C28A92933D85BD2F	darray-destroy	0000000141BCCBA0
C28BAC47AD42959A	player-is-reloading?	0000000140CA17C0
C3E488EF94C712B5	is-slow-motion-option-enabled?	0000000140418A90
C444439607935CEA	get-joint-position	0000000140D43520
C4C6987CFA77B92E	fact-symbol	000000014210C190
C6376176F285D224	alloc-color	0000000140D519F0
C6A8D20259BD1169	is-traversal-audio-cues?	0000000140418F40
C6AB8232EF9FFAA9	get-current-melee-attack	0000000140E7C3F0
C7021BAC96915809	is-level-loaded?	0000000140D4BA80
C7876E4878C59556	gui2-build-widget-path	0000000141E895A0
C82BA51D50894B3E	gui2-go-widget-state	0000000142F919D8
C833A2D36DC1CA7B	debug-only-execute-dev-menu	00000001414E5FC0
C87D093A136F9ACB	player-can-switch-item?	0000000140CA9F10
C95BD629A3402A51	player-inv-selection-get-slot-item-id	0000000142C68710
CA23D3D9B0920880	get-locator-position	0000000140D44C80
CA2C757925CBD385	menu2-is-page-stack-shown?	0000000141B3C6A0
CA3FC42E0A627BF4	ddict-destroy	0000000141BD6AA0
CA873D7A750113B4	set-allow-hud-container-focus	0000000142CD99F0
CABE187026439E23	gui2-find-widget-path	0000000141E89B90
CAD5F4C4B0C04868	set-per-frame-mixer-override	0000000141EEE350
CB1880BEFA93CDBD	player-anim-streaming-phase	000000014187E890
CB457D65CCCE26A5	is-encounter-select?	0000000140D4B7E0
CB78DA33C0EA07D4	is-focus-test?	0000000140417960
CB7A2DA3C7F814A9	player-inv-selection-get-slot-def	0000000142CB91C0
CCF99AA7589D1AF9	gui2-set-widget-visible	0000000141E8EE80
CD4A445415DD1004	hud2-weapon-cross-clear-lines	0000000142C76130
CE6B521B4BE9500E	ddict-create	0000000141BD6710
CF558F42CC77E1BF	ddict-value-at	0000000141BD78A0
CF56CE6213BB9C96	set-int32	0000000141FFD540
CFB0C8FB3ABAFACE	player-inventory-get-item-quantity	0000000142C68B48
D02216E3AA3987B3	set-table-shader-material-values-param	0000000141394DD0
D1279A5100F9030C	use-new-mnk-controls?	0000000142B13B60
D14AA98D997732FE	is-player-ellie?	0000000140C93E50
D20BB7B482F9324E	string-debug	0000000140D62E50
D2B01A5EEC5D236D	random-float	0000000140D548F0
D380C2AF53361B36	get-playthrough-length-hours	0000000140413AF0
D3ACC1AADE537587	darray-create	0000000141BCC780
D3BD63C44EFB3216	player-on-any-horse?	000000014113A1C0
D3C82AAAE71FC5A3	script-eval-condition	0000000140D57D20
D3CCB444CBEE1545	darray-set	0000000141BCD3D0
D4FF31007E39A13F	is-chronological-mode?	0000000140D4B5B0
D5B3A3A4579CC8F5	wait-one-frame	0000000142000840
D6AD1F9730ED98C4	send-event-box-result	00000001416529C0
D77336C6E554FDD9	is-no-return-hud-currency-enabled?	0000000140417F30
DAE8D255E625836D	event-arg-point	0000000141650E40
DB044C8529474AEA	darray-at	0000000141BCBD80
DC165131FB333399	map-lookup-ptr	0000000140D52340
DD3E022E9FDA1267	set-gas-mask-setting-id	0000000140D59CC0
DD82A71997E6BB56	task-get-current-node-id	0000000140D645C0
DDF2A5D921F69E76	button-mashes-are-holds?	0000000140409260
DE3FBAC2395ACAE2	cinematic-playing?	0000000141B2E610
DEB989991DF44D83	get-object-position	0000000140D46400
DED8CF5D6F9CE1A4	get-tension-mode	0000000140C92A10
DEDF7393985C0C92	from-ups	000000014187AF50
E02CEFA3F6E701C5	get-script-state	0000000141FFC2C0
E036A9C14B22EA61	ddict-key-at	0000000141BD6F30
E108C5F4F7F768C6	get-difficulty-setting-resources	00000001404118E0
E13758A09AAA742A	tag-symbol	0000000141FFF470
E15320FE761FF1CE	fact-set	000000014210B190
E1C8525139B384B8	is-level-set-loaded?	0000000140D4BB50
E24D4FFB7CAD6A22	has-collected-treasure?	0000000140415B30
E2CF217FBB25905C	task-get-current-symbol	0000000140D64710
E304AB16C9AD13FF	player-is-carrying-plank?	0000000140F18EF0
E30DE027AD4A14E8	set-single-shader-instance-param	0000000140D5E080
E35CA0C433642106	is-text-to-speech-enabled-in-menus-THIS-IS-A-HACK?	0000000140418C80
E3F3CE50537ACB21	is-text-to-speech-enabled?	0000000140418CB0
E4207A6AF9651999	task-node-active?	0000000140D64880
E42C428EC217761B	is-enhanced-listen-mode?	0000000140417760
E443A617BAE691A7	interactable-set-exclude-from-pickup-scan	000000014087DAD0
E55E7C757315F9E1	get-spawner-level	0000000140D48CF0
E58FDF902DEC6287	get-object-linear-velocity	0000000140D453E0
E5C371DE0132C33D	set-spawner-locator	0000000140D5E350
E5CB5CBE76492C20	get-point	0000000141FFC1C0
E64D0EF45AB45695	display	0000000140D3DA40
E76DB09833EB3130	get-difficulty-setting-stealth	0000000140411910
E7C8A2943DB8FB9E	alloc-vector	0000000140D521C0
E9354E7BBA446DDA	interactable-disable	0000000141BB48B0
E9A47BCEA47D3837	player-is-aiming-grenade?	0000000140CA1250
E9EE251D25BE8F6F	set-adaptive-trigger-feedback-curve-mode	0000000141B76EA0
EA4D63AED178B059	get-spawner-locator	0000000140D48D90
ECE61CE464811C06	hud2-set-button-hold-percent	000000014205A850
EEC19D55E6754E33	joypad-disable-all-commands-for-joypad-except/f	0000000140D4CE10
EF6883FC990017EF	player-unholster-disabled?	0000000140BC5610
F001AD69D49445AB	rogue-get-primary-seed	000000014104DCE0
F002EBFEA189AA86	gui2-set-widget-state-immediate	0000000142F919D8
F03BEED169C9A5C6	get-symbol	0000000141FFC6E0
F07BAFBC09560B42	get-bound-frame	0000000141FFBAE0
F0C51D8CEDCBFAE8	tag-float	0000000141FFED20
F0FF966F46F851D4	object-has-anim?	000000014187D010
F1E127AB5C0EED46	deactivate-joypad-input-group	0000000140D3B200
F3AEE145E25495CE	get-pc-hud-toggle	0000000140413750
F4C4B48DA4FCBFD1	debug-only-get-dev-menu-bool	00000001414E5FD0
F4D7341575F5AC87	kill-entity	0000000140D4EF60
F586380CBF74DCFF	gui2-set-button-prompt-command	000000014205C840
F59DF19A11E3472E	character-melee-event-active?	0000000140E6C380
F6549A891F60998B	event-arg-boolean	0000000141650980
F67AA5B7721CD57F	interactable-add-high-contrast-mode-target	0000000141BB45A0
F6C2A01EC2C478F9	player-can-craft?	0000000142B51558
F74FA22A4566664A	holster-player-weapon-instantly	0000000140C93640
F7CA41ED2D987DCB	get-hidden-while-prone-mode	0000000140417D00
F803BA887F506509	is-japan?	0000000140D4B810
F812A55BDBE4E5B8	get-uint64	0000000141FFC7F0
F9540A7C034EC91D	get-weapon-cross-slot-inv-index	0000000142CD9388
FA0B1528D46309D9	set-instance-flag-hero	0000000140425190
FBF802C084A225AA	player-inv-selection-get-slot-index-by-item-id	0000000142C68C70
FCBF63902CDF9647	player-upgrade-active?	0000000140CA9260
FE15F2EA923068B5	get-current-frame-count	0000000140D42670
FE160BBBBCE6998A	rogue-get-most-recent-character	000000014104FB70
FE65CB0937D02414	get-screen-size	0000000140D486F0
FED2EEC5E1231F11	fade-to-black	0000000140D3FB50
FF17C0DCE7D03192	set-boolean	0000000141FFD030
FF8693FA47B7B31D	rogue-get-vendor-darray	000000014104FBF0
FFAB4B2300676923	get-object-look	0000000140D45D60
FFB046BFFB0B5B25	get-vector	0000000141FFCAA0
